{"RotatE_FB15k_1000_normed": {"MRR": 0.6974746468574401, "MR": 56.65234209679877, "HITS@1": 0.6368776557024598, "HITS@3": 0.730578456433783, "HITS@10": 0.8050904843324135}}
