{"RotatE_FB15k_1000": {"MRR": 0.7897360229958488, "MR": 41.172055661830676, "HITS@1": 0.7363680994057998, "HITS@3": 0.8246770835096748, "HITS@10": 0.880846777606609}}