{"RotatE_FB15k_100": {"MRR": 0.6561445021474731, "MR": 106.10796329840362, "HITS@1": 0.5652519848995277, "HITS@3": 0.7199810397657057, "HITS@10": 0.8068002911750267}, "RotatE_FB15k_200": {"MRR": 0.7590622628883388, "MR": 58.685014643395235, "HITS@1": 0.695019552741616, "HITS@3": 0.8031182813901915, "HITS@10": 0.8653738721199912}, "RotatE_FB15k_500": {"MRR": 0.786044307666212, "MR": 45.536710060774325, "HITS@1": 0.7327622691337543, "HITS@3": 0.8208342503089503, "HITS@10": 0.8776472380694419}, "RotatE_FB15k_1000": {"MRR": 0.7897360229958488, "MR": 41.172055661830676, "HITS@1": 0.7363680994057998, "HITS@3": 0.8246770835096748, "HITS@10": 0.880846777606609}}