{"RotatE_FB15k_100": {"MRR": 0.001658999830586575, "MR": 7394.005315637115, "HITS@1": 0.0008041170794467674, "HITS@3": 0.00126119415618493, "HITS@10": 0.0020399180647017994}, "RotatE_FB15k_200": {"MRR": 0.0009869413920660297, "MR": 7362.303803897005, "HITS@1": 0.00011850146433952363, "HITS@3": 0.0005671141507677202, "HITS@10": 0.0013881600108344196}, "RotatE_FB15k_500": {"MRR": 0.0014341803612878566, "MR": 7349.158360278309, "HITS@1": 0.0004486126864281966, "HITS@3": 0.0010072624468859509, "HITS@10": 0.0021245619678014593}, "RotatE_FB15k_1000": {"MRR": 0.0034780730859655822, "MR": 7393.455079480625, "HITS@1": 0.002488530751129996, "HITS@3": 0.0032333970984070016, "HITS@10": 0.004240659545292952}}